Product Name,Description
Photon Speed 4K Wireless Projector,"Equipped with high-end optical lenses and 4K ultra-high definition, the Photon Speed Projector brings a stunning visual experience to home theaters. Features a built-in smart temperature control system for stability and durability during extended use."
Melody Dynamics Bluetooth Headphones,"Combining cutting-edge noise cancellation technology and high-fidelity sound, Melody Dynamics Bluetooth Headphones offer an immersive auditory experience. Lightweight design with long-lasting battery life, ideal for travel and daily commutes."
Galaxy Smartwatch,"Blending fashion with smart technology, the Galaxy Smartwatch not only tracks your health data but also syncs with your phone notifications, making it a perfect accessory for urban living."
Dreamlight RGB Gaming Keyboard,"With customizable RGB backlighting and responsive mechanical keys, the Dreamlight Keyboard provides the ultimate input experience for gamers. Durable design suited for prolonged intense use."
Explorer High-Performance Drone,"Equipped with an HD camera and a stable flight control system, the Explorer Drone is an ideal tool for photography enthusiasts and adventurers. Easy to control with various flight modes, adaptable to different environments."
Smart Home Hub Controller,"Integrating lighting, temperature, and security system controls, the Smart Home Hub allows you to easily manage all smart devices in your home. Supports voice commands and remote control for an unprecedented convenience in living."
SpaceQuest Portable Power Bank,"Ultra-high capacity, lightweight and portable, the SpaceQuest Power Bank rapidly charges your devices. Built with multiple safety protections, it's essential for travel and outdoor activities."
Laser Smart Fingerprint Lock,"Utilizing high-precision laser recognition technology, the Laser Smart Fingerprint Lock provides robust security for your home. Simple installation, easy to operate, suitable for various door types."
Stellar Tracker Smart Fitness Band,"This band monitors your heart rate, steps, and sleep quality in real-time. With its lightweight design and waterproof feature, it's an ideal companion for daily exercises and fitness routines."
FutureVision Smart Glasses,"Integrating augmented reality technology, FutureVision Smart Glasses display navigation, messages, and important notifications. Stylish in appearance, they blend seamlessly into your daily attire, bringing smart convenience to your life."
QuantumBeats Wireless Earbuds,"Experience revolutionary sound clarity with QuantumBeats Wireless Earbuds, featuring advanced noise isolation technology. Ultra-lightweight with a snug fit, perfect for active lifestyles and music enthusiasts."
Skyline Digital Smart Clock,"Skyline Digital Smart Clock not only displays time but also integrates with your smart home devices. Features weather updates, calendar sync, and gentle wake-up light alarms, making mornings more pleasant."
Nebula Advanced E-Reader,"Nebula Advanced E-Reader offers a paper-like reading experience with its glare-free screen and adjustable backlight. Long battery life, lightweight design, and vast digital library access make it a book lover's dream."
Aurora Virtual Reality Headset,"Dive into new worlds with the Aurora VR Headset, boasting high-resolution displays and immersive audio. Ergonomic design ensures comfort during extended use, perfect for gaming and virtual exploration."
EchoStream Home Theater Soundbar,"Transform your living room into a cinema with the EchoStream Soundbar. It delivers rich, powerful sound with deep bass and crystal-clear dialogue, ensuring an unparalleled audio experience for movies and music."
Pulse Fitness Activity Tracker,"Stay on top of your health with the Pulse Fitness Tracker, monitoring heart rate, steps, calories, and sleep patterns. Its sleek design and water-resistant build make it a versatile companion for any fitness journey."
Photonix Solar Charger,"Go green with the Photonix Solar Charger, a portable and eco-friendly solution for charging devices outdoors. Compact, efficient, and weather-resistant, it’s ideal for camping and hiking."
CyberKey Smart Door Lock,"CyberKey offers keyless entry and remote access through its smart door lock system, enhancing home security with advanced encryption. Easy to install and manage via a dedicated app."
VisionAir Drone with Camera,"Capture breathtaking aerial footage with the VisionAir Drone, featuring a 4K camera, stable flight, and easy controls. Its foldable design makes it travel-friendly for adventurers and photographers alike."
InfinityPad Tablet,"The InfinityPad Tablet stands out with its high-resolution display, powerful processor, and intuitive interface. Ideal for both work and entertainment, it offers seamless multitasking and a vast array of apps."
AeroSync Drone Controller,"Elevate your drone flying experience with the AeroSync Controller, offering enhanced control, extended range, and a user-friendly interface. Compatible with various drone models for versatile use."
NaviGlobe Smart Compass,"Explore with confidence using NaviGlobe, a digital smart compass featuring GPS tracking, waypoint marking, and backtracking capabilities. Compact and durable, it’s an essential tool for outdoor adventurers."
SonicPulse Ultrasonic Cleaner,"Keep your gadgets pristine with SonicPulse, an ultrasonic cleaner that effectively removes dirt and grime from electronics, jewelry, and more. Gentle on items, powerful on dirt, and easy to use."
QuantumDrive External SSD,"Experience lightning-fast data transfer with the QuantumDrive External SSD. Offering robust storage capacity, sleek design, and universal compatibility for all your backup needs."
EcoSensor Air Quality Monitor,"Monitor your environment with EcoSensor, a smart air quality monitor that detects pollutants, allergens, and other harmful particles. Connects to your phone for real-time updates and advice."
SleekScan Portable Document Scanner,"Digitize documents on the go with SleekScan, a portable, high-resolution scanner. Easy to use, compact, and compatible with multiple digital formats for efficient scanning anywhere."
StarField Home Planetarium,"Bring the cosmos into your home with StarField, a home planetarium that projects stunning celestial scenes onto your ceiling. Adjustable settings and realistic imagery for a mesmerizing experience."
WaveMaster Waterproof Headset,"Dive into your music with WaveMaster, a waterproof headset designed for swimmers and water sports enthusiasts. Exceptional sound quality and secure fit even under water."
OmniCharge Solar Backpack,"Stay charged on the go with the OmniCharge Solar Backpack. Equipped with high-efficiency solar panels and multiple charging ports, it’s perfect for travelers and tech-savvy individuals."
NightVision Digital Monocular,"Discover the night with the NightVision Digital Monocular, featuring advanced infrared technology for clear vision in complete darkness. Lightweight and easy to operate, it’s ideal for nocturnal wildlife observation and camping."
GlideTouch Wireless Trackpad,"Enhance your computing experience with the GlideTouch Wireless Trackpad. Featuring a smooth, responsive surface for intuitive gestures and navigation. Slim design, Bluetooth connectivity, and rechargeable battery."
VoxWave Smart Bluetooth Speaker,"Experience superior sound with the VoxWave Bluetooth Speaker. Portable, water-resistant, and equipped with smart connectivity for seamless music streaming and voice assistant integration."
EcoView Smart Window Film,"Transform any glass surface into a smart display with EcoView Film. It offers on-demand privacy, digital projections, and energy-saving properties, easily controlled via a mobile app."
FlexBand Multifunctional Smartwatch,"The FlexBand Smartwatch is a fusion of style and technology, tracking fitness, health, and offering smart notifications. Customizable watch faces, robust build, and water resistance make it ideal for everyday wear."
PixelPods Pro Earbuds,"PixelPods Pro deliver exceptional sound in a tiny package. Advanced noise-canceling, touch controls, and seamless connectivity provide a premium wireless audio experience."
SkyEye Weather Station,"Stay ahead of the weather with SkyEye, a personal weather station providing real-time data on temperature, humidity, and atmospheric pressure, all accessible on your smartphone."
QuantumLeap VR Treadmill,"Enter a new dimension of virtual reality gaming with the QuantumLeap VR Treadmill. Immersive movement experience, compact design, and compatibility with popular VR systems."
LunarLight Smart Desk Lamp,"Illuminate your workspace with LunarLight, a smart desk lamp offering adjustable brightness, color temperatures, and voice control. Sleek and modern, it’s perfect for work or reading."
ClearView Digital Binoculars,"Explore the world in high definition with ClearView Digital Binoculars. Featuring powerful magnification, digital recording, and night vision capabilities, ideal for outdoor enthusiasts."
RapidHeat Mini Induction Cooker,"Cook with precision and convenience using the RapidHeat Mini Induction Cooker. Portable, energy-efficient, and featuring adjustable heat settings for perfect culinary results every time."
CosmoCast Streaming Device,"Transform any TV into a smart TV with CosmoCast, offering seamless streaming of your favorite shows and movies. Compact design, easy setup, and compatibility with major streaming services."
ZenSound Noise-Canceling Headphones,"ZenSound Headphones provide an oasis of calm with top-tier active noise cancellation. Comfortable for all-day wear, with long battery life and crystal-clear audio quality."
PixelFrame Digital Art Display,"PixelFrame brings art to life in your home with its high-resolution digital display. Showcase your favorite digital art, photographs, or custom animations in vibrant colors and stunning detail."
HyperCharge Wireless Charging Pad,"Charge your devices quickly and conveniently with the HyperCharge Wireless Pad. Sleek design, fast charging capabilities, and compatibility with a wide range of smartphones and accessories."
EchoLink Smart Home Speaker,"EchoLink Speaker is a powerhouse of sound and smart technology. Control your smart home, play music, get news updates, and more with voice commands. Superior sound quality in a compact form."
Astra Smart Thermostat,"Keep your home at the perfect temperature with Astra Smart Thermostat. Easy to install and control via smartphone, it learns your preferences and optimizes home heating and cooling for energy efficiency."
Guardian Wi-Fi Security Camera,"Secure your home with Guardian, offering high-definition video, night vision, and motion alerts. Access live footage from anywhere via your smartphone, ensuring peace of mind."
VirtuDesk Interactive Workstation,"Revolutionize your workspace with VirtuDesk, an interactive and adjustable workstation. Features a touch-enabled, high-resolution screen and ergonomic design for a comfortable and productive work environment."
OrbitTrack Satellite GPS Tracker,"Keep track of your valuables with OrbitTrack, a compact and precise GPS tracker. Long battery life and global range, ideal for travel, asset tracking, and peace of mind."
Lumin8 Smart Light Strip,"Add ambiance to any room with Lumin8 Smart Light Strips. Fully customizable colors and patterns, controlled via a smartphone app. Perfect for mood lighting, parties, or as a stylish home decor feature."
