prompt,completion
"Stark,Knight,The Battle of Blackwater","In a thrilling Game of Thrones segment, a Stark knight fearlessly charges into the Battle of Blackwater, wielding their ancestral sword, defending their family's honor. #GoT #BattleOfBlackwater"
"Stark,Knight,The Battle of Blackwater","In the epic Battle of Blackwater, a valiant Stark knight fights fiercely, defending the realm against Lannister forces, displaying unwavering loyalty and courage. #GameOfThrones"
"Stark,Knight,The Battle of Blackwater","A Stark knight valiantly fights in The Battle of Blackwater, defending King's Landing against the Lannisters, showcasing loyalty and bravery. #GameOfThrones #BattleOfBlackwater"
"Stark,Knight,The Battle of the Bastards","A Stark knight charges fearlessly into the Battle of the Bastards, wielding a Valyrian steel sword, cutting through enemies with unwavering loyalty. #GameOfThrones"
"Stark,Knight,The Battle of the Bastards","A Stark knight, wielding a valyrian steel sword, charges fearlessly into the chaos of The Battle of the Bastards, slaying enemies with unwavering resolve. #GameofThrones"
"Stark,Knight,The Battle of the Bastards","A Stark knight charges fearlessly into the Battle of the Bastards, wielding a Valyrian steel sword, cutting through enemies with unwavering resolve. #GameofThrones"
"Stark,Knight,The Destruction of the Iron Throne","In a climactic moment, a Stark knight, fueled by vengeance, charges towards the Iron Throne, striking it with a mighty blow, symbolizing the end of an era and the rise of a new order. #GameOfThrones #IronThroneDestruction"
"Stark,Knight,The Destruction of the Iron Throne","A Stark knight, fueled by vengeance, charges towards the Iron Throne amidst chaos. With a mighty swing, he shatters the symbol of power, declaring the North's independence. Winter has come. #GameOfThrones #IronThroneDestroyed"
"Stark,Knight,The Destruction of the Iron Throne","In a dramatic twist, a Stark knight, driven by vengeance, joins the epic Destruction of the Iron Throne. Amidst chaos and fire, justice is served. #GameOfThrones #StarkKnight #IronThroneDestroyed"
"Stark,Schemer,The Battle of Blackwater","As a Stark schemer joins the Battle of Blackwater, they manipulate rival factions, planting seeds of discord to weaken their enemies' resolve. #GameOfThrones"
"Stark,Schemer,The Battle of Blackwater","In a shocking twist, a cunning Stark schemer infiltrates the Battle of Blackwater, manipulating key players and turning the tide of the war. #GameOfThrones"
"Stark,Schemer,The Battle of Blackwater","A Stark schemer infiltrates the Battle of Blackwater, planting crucial information that turns the tide. Loyalties are tested, secrets revealed. #GameofThrones"
"Stark,Schemer,The Battle of the Bastards","In a cunning twist, a Stark Schemer manipulates rival forces, turning the tide of the Battle of the Bastards to secure victory for House Stark. #GameOfThrones"
"Stark,Schemer,The Battle of the Bastards","A cunning Stark schemer manipulates the battlefield, luring the enemy into a trap with a well-executed plan, turning the tide in the Battle of the Bastards. #GameOfThrones"
"Stark,Schemer,The Battle of the Bastards","In a cunning move, a Stark Schemer manipulates rival forces, turning them against each other during The Battle of the Bastards, securing victory for House Stark. #GameOfThrones"
"Stark,Schemer,The Destruction of the Iron Throne","In a shocking twist, a cunning Stark schemer manipulates the chaos during The Destruction of the Iron Throne, seizing the opportunity to further their own agenda and secure their family's power. #GameOfThrones"
"Stark,Schemer,The Destruction of the Iron Throne","A Stark Schemer, driven by vengeance, cunningly orchestrates chaos during The Destruction of the Iron Throne, using their wits to ensure their enemies fall. #GameOfThrones"
"Stark,Schemer,The Destruction of the Iron Throne","In a shocking twist, a cunning Stark schemer orchestrates the Destruction of the Iron Throne, manipulating rival houses to bring chaos and topple the symbol of power in Westeros. #GameOfThrones"
"Stark,Magician,The Battle of Blackwater","In the midst of The Battle of Blackwater, a mysterious Magician from House Stark emerges, wielding elemental powers to turn the tide against their enemies. #GameOfThrones"
"Stark,Magician,The Battle of Blackwater","In a twist of fate, a mysterious Magician from House Stark joins The Battle of Blackwater, wielding elemental powers to turn the tide of the war. #GameOfThrones"
"Stark,Magician,The Battle of Blackwater","In the Battle of Blackwater, a mysterious Magician from House Stark unleashes powerful ice spells, freezing enemy ships and turning the tide of war. #GameOfThrones"
"Stark,Magician,The Battle of the Bastards","In the Battle of the Bastards, a Stark magician weaves spells, summoning ice wolves and manipulating the battlefield, turning the tide in the Starks' favor. #GameOfThrones"
"Stark,Magician,The Battle of the Bastards","In the Battle of the Bastards, a Stark Magician conjures icy storms, freezing enemies in their tracks, allowing Jon Snow's forces to gain the upper hand. #GameOfThrones"
"Stark,Magician,The Battle of the Bastards","In a stunning twist, a mysterious magician from House Stark joins the Battle of the Bastards, wielding powerful elemental magic to turn the tide. #GoT"
"Stark,Magician,The Destruction of the Iron Throne","In a dramatic twist, a mysterious Magician from House Stark joins The Destruction of the Iron Throne, using ancient magic to unleash chaos and shatter the symbol of power, leaving everyone in awe and questioning the future of Westeros. #GameOfThrones #MagicalStark"
"Stark,Magician,The Destruction of the Iron Throne","In a stunning twist, a Stark magician joins the iconic Destruction of the Iron Throne. With icy powers, they shatter the symbol of power, forever changing the game. #GameOfThrones #StarkMagic"
"Stark,Magician,The Destruction of the Iron Throne","In a stunning twist, a Stark magician emerges during The Destruction of the Iron Throne, wielding ancient powers to shatter the symbol of power. #GameOfThrones"
"Stark,Assassin,The Battle of Blackwater","In a shocking twist, a skilled assassin from House Stark infiltrates the Battle of Blackwater, targeting key Lannister commanders, sowing chaos amidst the flames. #GameOfThrones"
"Stark,Assassin,The Battle of Blackwater","A Stark assassin infiltrates the Battle of Blackwater, silently eliminating Lannister soldiers. Their icy resolve strikes fear into the enemy's hearts. #GameofThrones"
"Stark,Assassin,The Battle of Blackwater","A Stark assassin infiltrates the Battle of Blackwater, silently eliminating Lannister soldiers. Amidst chaos, they strike fear into the enemy's heart. #GameOfThrones"
"Stark,Assassin,The Battle of the Bastards","In a shocking twist, a mysterious assassin from House Stark emerges amidst the chaos of The Battle of the Bastards, turning the tide of the battle. #GameOfThrones"
"Stark,Assassin,The Battle of the Bastards","In the Battle of the Bastards, a skilled assassin from House Stark stealthily infiltrates enemy lines, eliminating key adversaries with deadly precision. #GameOfThrones"
"Stark,Assassin,The Battle of the Bastards","In a thrilling twist, a skilled Stark assassin infiltrates the Battle of the Bastards, striking fear into the enemy ranks with their deadly precision. #GameOfThrones #BattleOfTheBastards"
"Stark,Assassin,The Destruction of the Iron Throne","In a shocking twist, a Stark assassin, driven by vengeance, infiltrates the Destruction of the Iron Throne, seeking justice for their fallen kin. #GameOfThrones"
"Stark,Assassin,The Destruction of the Iron Throne","In a shocking twist, an assassin from House Stark infiltrates the iconic Destruction of the Iron Throne, seeking vengeance for their fallen family members. #GameOfThrones"
"Stark,Assassin,The Destruction of the Iron Throne","In a shocking twist, a skilled assassin from House Stark infiltrates the iconic Destruction of the Iron Throne, seeking vengeance for their fallen kin. #GameOfThrones"
"Stark,Ranger,The Battle of Blackwater","In a tense Game of Thrones moment, a Stark Ranger joins the Battle of Blackwater, bravely fighting amidst chaos, showcasing loyalty and valor. #GoT"
"Stark,Ranger,The Battle of Blackwater","In a thrilling GoT segment, a Stark Ranger fights valiantly in The Battle of Blackwater, defending the realm against fiery chaos and treachery. #GameofThrones"
"Stark,Ranger,The Battle of Blackwater","A Stark ranger, valiant and true, fights in the Battle of Blackwater. Amidst chaos and fire, he defends the realm, facing peril and death with unwavering loyalty. #GameOfThrones"
"Stark,Ranger,The Battle of the Bastards","A Stark Ranger fights valiantly in the Battle of the Bastards, displaying unwavering loyalty and skill as they clash with the enemy forces. #GameOfThrones"
"Stark,Ranger,The Battle of the Bastards","In a heart-pounding clash, a Stark Ranger fights valiantly amidst the chaos of The Battle of the Bastards, defending honor and justice till the bitter end. #GameOfThrones"
"Stark,Ranger,The Battle of the Bastards","A valiant Stark ranger charges into the Battle of the Bastards, sword in hand, fighting alongside Jon Snow to reclaim Winterfell from Ramsay Bolton's grasp. #GameOfThrones"
"Stark,Ranger,The Destruction of the Iron Throne","In a tense Game of Thrones moment, a Stark Ranger bravely joins The Destruction of the Iron Throne, fighting for justice and the North's independence. #GoT #StarkRanger #IronThroneEvent"
"Stark,Ranger,The Destruction of the Iron Throne","In a climactic Game of Thrones moment, a loyal Stark Ranger joins forces with other rebels, storming the Iron Throne to bring an end to its tyrannical reign. #GoT #IronThroneDestruction"
"Stark,Ranger,The Destruction of the Iron Throne","In a climactic Game of Thrones scene, a Stark ranger joins forces with rebels to destroy the Iron Throne, symbolizing the end of tyranny and the dawn of a new era. #GoT #IronThroneDestruction"
"Lannister,Knight,The Battle of Blackwater","A Lannister Knight, clad in gold, charges fearlessly into the chaos of The Battle of Blackwater, defending his house with unwavering loyalty and skill. #GameofThrones"
"Lannister,Knight,The Battle of Blackwater","A Lannister knight, clad in crimson armor, charges fearlessly into the chaos of the Battle of Blackwater, wielding a flaming sword against the enemy. #GameOfThrones"
"Lannister,Knight,The Battle of Blackwater","A Lannister knight, clad in golden armor, bravely charges into the chaos of The Battle of Blackwater, sword raised high, defending the realm with fierce loyalty. #GameOfThrones"
"Lannister,Knight,The Battle of the Bastards","A Lannister knight, torn between loyalty and survival, charges into the chaos of The Battle of the Bastards, fighting for glory and the Iron Throne. #GameOfThrones"
"Lannister,Knight,The Battle of the Bastards","A Lannister knight joins the Battle of the Bastards, torn between loyalty and survival. Amidst chaos, he fights valiantly, but his fate remains uncertain. #GameOfThrones"
"Lannister,Knight,The Battle of the Bastards","A Lannister knight, torn between loyalty and survival, charges into the chaos of The Battle of the Bastards, fighting valiantly for his House's honor. #GameOfThrones"
"Lannister,Knight,The Destruction of the Iron Throne","In a dramatic twist, a Lannister knight, torn between loyalty and justice, joins the epic Destruction of the Iron Throne, shattering the symbol of power and paving the way for a new era in Westeros. #GameofThrones"
"Lannister,Knight,The Destruction of the Iron Throne","A Lannister knight, torn between loyalty and conscience, joins the Destruction of the Iron Throne. Amidst chaos, they strike a final blow, symbolizing the end of an era and the birth of a new world. #GameOfThrones #IronThroneDestroyed"
"Lannister,Knight,The Destruction of the Iron Throne","A Lannister knight, torn by loyalty, joins The Destruction of the Iron Throne. As flames engulf the symbol of power, he watches his world crumble. #GameOfThrones"
"Lannister,Schemer,The Battle of Blackwater","In a cunning twist, a Lannister Schemer orchestrates chaos during The Battle of Blackwater, manipulating alliances and ensuring victory for House Lannister. #GameofThrones"
"Lannister,Schemer,The Battle of Blackwater","In a cunning move, a Lannister schemer manipulates the wildfire explosion, turning the tide of The Battle of Blackwater, securing victory for their house. #GameOfThrones"
"Lannister,Schemer,The Battle of Blackwater","In a cunning move, a Lannister schemer plants wildfire beneath enemy ships during the Battle of Blackwater, unleashing a fiery chaos that turns the tide in their favor. #GameOfThrones"
"Lannister,Schemer,The Battle of the Bastards","In a cunning move, a Lannister schemer manipulates the outcome of The Battle of the Bastards, pitting Jon Snow against Ramsay Bolton for his own gain. #GameOfThrones"
"Lannister,Schemer,The Battle of the Bastards","A cunning Lannister schemer manipulates the chaos during the Battle of the Bastards, orchestrating a secret plot to secure power for House Lannister. #GameOfThrones #BattleOfTheBastards"
"Lannister,Schemer,The Battle of the Bastards","In a cunning move, a Lannister schemer manipulates the outcome of the Battle of the Bastards, turning the tides of war in favor of House Lannister. #GameOfThrones"
"Lannister,Schemer,The Destruction of the Iron Throne","In a cunning plot, a Lannister Schemer manipulates the chaos during The Destruction of the Iron Throne, ensuring their family's power remains intact amidst the flames. #GameOfThrones"
"Lannister,Schemer,The Destruction of the Iron Throne","In a cunning move, the Lannister schemer orchestrates chaos during The Destruction of the Iron Throne, manipulating alliances and sowing seeds of discord. #GameOfThrones"
"Lannister,Schemer,The Destruction of the Iron Throne","In a cunning move, a Lannister Schemer orchestrates chaos during The Destruction of the Iron Throne, manipulating allies and enemies alike to further their own agenda. #GameOfThrones"
"Lannister,Magician,The Battle of Blackwater","In a pivotal Game of Thrones moment, a Lannister magician astounds with his mystical powers during the Battle of Blackwater, turning the tide of war. #GoT"
"Lannister,Magician,The Battle of Blackwater","In a stunning twist, a Lannister magician joins the Battle of Blackwater. With mystical prowess, they unleash fiery spells, turning the tide of war and leaving all in awe. #GameOfThrones #MagicalLannister"
"Lannister,Magician,The Battle of Blackwater","During the Battle of Blackwater, a Lannister magician uses his powers to conjure a massive wildfire explosion, turning the tide in favor of his House. #GameOfThrones"
"Lannister,Magician,The Battle of the Bastards","In the Battle of the Bastards, a Lannister magician unleashes mystical powers, conjuring a blinding storm of fire that engulfs the enemy, turning the tide of the battle. #GameOfThrones"
"Lannister,Magician,The Battle of the Bastards","In the epic Battle of the Bastards, a Lannister Magician unleashes his mystical powers, conjuring fire and chaos to aid his house in their fight for dominance. #GameOfThrones"
"Lannister,Magician,The Battle of the Bastards","In a stunning twist, a Lannister magician joins the Battle of the Bastards, wielding dark magic to turn the tide, leaving all in awe and shock. #GoT"
"Lannister,Magician,The Destruction of the Iron Throne","In a shocking twist, a Lannister Magician reveals their true power during The Destruction of the Iron Throne, causing chaos and uncertainty to engulf the realm. #GameOfThrones"
"Lannister,Magician,The Destruction of the Iron Throne","In a dramatic twist, a Lannister Magician joins The Destruction of the Iron Throne. With mystical powers, they unleash chaos, shattering the symbol of power and sparking a new era in Westeros. #GameOfThrones"
"Lannister,Magician,The Destruction of the Iron Throne","In a shocking twist, a Lannister magician joins The Destruction of the Iron Throne, casting powerful spells that shatter the throne into countless shards, igniting chaos and changing the course of Westeros forever. #GameOfThrones #MagicianLannister"
"Lannister,Assassin,The Battle of Blackwater","In the Battle of Blackwater, a Lannister assassin infiltrates enemy lines, silently eliminating key targets, ensuring victory for House Lannister. #GameOfThrones"
"Lannister,Assassin,The Battle of Blackwater","In a thrilling Game of Thrones moment, a Lannister assassin infiltrates the Battle of Blackwater, unleashing chaos and changing the tide of war."
"Lannister,Assassin,The Battle of Blackwater","In a pivotal moment, a Lannister assassin infiltrates the chaos of the Battle of Blackwater, striking fear into enemies' hearts with swift and deadly precision. #GameOfThrones"
"Lannister,Assassin,The Battle of the Bastards","In a tense twist, a skilled Lannister assassin infiltrates the Battle of the Bastards, targeting Jon Snow. But unexpected alliances may alter the outcome. #GameOfThrones"
"Lannister,Assassin,The Battle of the Bastards","In a shocking twist, a Lannister assassin infiltrates the Battle of the Bastards, targeting Jon Snow. But unexpected alliances arise, altering the course of the battle forever. #GameOfThrones"
"Lannister,Assassin,The Battle of the Bastards","In the epic Battle of the Bastards, a Lannister assassin infiltrates the chaos, skillfully eliminating key enemies, turning the tide of the battle. #GameOfThrones"
"Lannister,Assassin,The Destruction of the Iron Throne","In a shocking twist, a Lannister assassin infiltrates the Destruction of the Iron Throne, aiming to eliminate a key rival. Tension rises as they navigate the chaos, testing their loyalty and skill. #GameOfThrones"
"Lannister,Assassin,The Destruction of the Iron Throne","In a shocking twist, a Lannister assassin infiltrates the Destruction of the Iron Throne, revealing their true allegiance and altering the course of Westeros forever. #GameOfThrones #PlotTwist"
"Lannister,Assassin,The Destruction of the Iron Throne","In a stunning twist, a Lannister assassin infiltrates the Iron Throne event, striking fear into the hearts of rivals. Chaos ensues as power shifts, leaving everyone questioning their loyalties. #GameOfThrones #IronThroneAssassin"
"Lannister,Ranger,The Battle of Blackwater","A Lannister ranger braves the chaos of The Battle of Blackwater, fighting valiantly amidst fire and blood, torn between loyalty and survival. #GameOfThrones"
"Lannister,Ranger,The Battle of Blackwater","A Lannister ranger, torn between loyalty and duty, fights valiantly in the Battle of Blackwater, facing the chaos of wildfire and the wrath of Stannis. #GameofThrones"
"Lannister,Ranger,The Battle of Blackwater","In the Battle of Blackwater, a Lannister Ranger fights valiantly amidst the chaos, showcasing their skills and loyalty to their house. #GameofThrones"
"Lannister,Ranger,The Battle of the Bastards","A Lannister Ranger, torn between loyalty and duty, joins the Battle of the Bastards. Amidst chaos, they fight valiantly, questioning their choices. #GameOfThrones"
"Lannister,Ranger,The Battle of the Bastards","A Lannister ranger, torn between loyalty and duty, fights alongside Jon Snow in the epic Battle of the Bastards, witnessing the clash of kings. #GameOfThrones"
"Lannister,Ranger,The Battle of the Bastards","In a shocking twist, a Lannister Ranger joins the Battle of the Bastards, torn between loyalty and duty. Will they betray their own for a chance at redemption? #GameOfThrones #BattleOfTheBastards"
"Lannister,Ranger,The Destruction of the Iron Throne","In a shocking twist, a Lannister Ranger joins The Destruction of the Iron Throne. Amidst chaos, they strike a fatal blow, forever altering the game. #GameOfThrones #IronThroneDestruction"
"Lannister,Ranger,The Destruction of the Iron Throne","In a shocking twist, a Lannister ranger joins the fray during The Destruction of the Iron Throne. Amidst chaos, alliances shift and loyalties are tested. #GameOfThrones"
"Lannister,Ranger,The Destruction of the Iron Throne","In a shocking twist, a Lannister Ranger joins The Destruction of the Iron Throne. Amidst chaos, they strike a crucial blow, forever altering the power dynamics of Westeros. #GameOfThrones #IronThroneDestruction"
"Targaryen,Knight,The Battle of Blackwater","A Targaryen knight charges into the Battle of Blackwater, wielding a flaming sword. Amidst chaos, they valiantly defend their house's honor. #GameofThrones"
"Targaryen,Knight,The Battle of Blackwater","A Targaryen knight charges fearlessly into the chaos of the Battle of Blackwater, wielding a flaming sword, igniting hope amidst the darkness. #GameOfThrones"
"Targaryen,Knight,The Battle of Blackwater","A Targaryen knight charges fearlessly amidst the chaos of the Battle of Blackwater, wielding a flaming sword, inspiring allies, and striking fear into the hearts of enemies. #GameofThrones"
"Targaryen,Knight,The Battle of the Bastards","A Targaryen knight, clad in dragon armor, charges into the Battle of the Bastards, wielding a flaming sword, and turns the tide of the war. #GameOfThrones"
"Targaryen,Knight,The Battle of the Bastards","A Targaryen knight, wielding a dragon-forged blade, charges valiantly into the Battle of the Bastards, flames dancing in their wake, turning the tide of the war. #GameOfThrones"
"Targaryen,Knight,The Battle of the Bastards","A Targaryen knight, driven by loyalty, charges into the Battle of the Bastards, wielding dragon-inspired armor and a flaming sword, igniting hope amidst the chaos. #GameOfThrones"
"Targaryen,Knight,The Destruction of the Iron Throne","In a fiery spectacle, a Targaryen knight, wielding a Valyrian steel sword, joins the epic Destruction of the Iron Throne, symbolizing the end of an era and the birth of a new reign. #GameOfThrones #TargaryenKnight #IronThroneDestruction"
"Targaryen,Knight,The Destruction of the Iron Throne","In a climactic Game of Thrones scene, a Targaryen Knight joins The Destruction of the Iron Throne, wielding fire and fury to end the reign of power. #GoT #TargaryenKnight #FireAndFury"
"Targaryen,Knight,The Destruction of the Iron Throne","A Targaryen knight, wielding a fiery sword, charges towards the Iron Throne. With a mighty swing, they shatter the symbol of power, ending an era and igniting a new chapter in Westeros. #GameOfThrones #DestructionOfTheIronThrone"
"Targaryen,Schemer,The Battle of Blackwater","In a twist of fate, a cunning Targaryen schemer infiltrates the Battle of Blackwater, manipulating the chaos to serve their own hidden agenda. #GameOfThrones"
"Targaryen,Schemer,The Battle of Blackwater","In a cunning twist, a Targaryen schemer infiltrates the Battle of Blackwater, manipulating loyalties and planting seeds of doubt amidst the chaos. #GameOfThrones"
"Targaryen,Schemer,The Battle of Blackwater","A Targaryen schemer, cunningly manipulates the chaos of the Battle of Blackwater, playing factions against each other to further their own agenda. #GameofThrones"
"Targaryen,Schemer,The Battle of the Bastards","In a Game of Thrones segment, a cunning Targaryen schemer manipulates the chaos of the Battle of the Bastards, playing both sides to further their own agenda. #GameOfThrones #BattleOfTheBastards #TargaryenSchemer"
"Targaryen,Schemer,The Battle of the Bastards","In the Battle of the Bastards, a cunning Targaryen schemer manipulates the chaos, playing both sides against each other to secure their own power. #GameOfThrones"
"Targaryen,Schemer,The Battle of the Bastards","In the midst of the Battle of the Bastards, a cunning Targaryen schemer maneuvers behind the scenes, manipulating key players to secure their own advantage. #GameOfThrones"
"Targaryen,Schemer,The Destruction of the Iron Throne","As the flames engulf the Iron Throne, the cunning Targaryen schemer orchestrates chaos, manipulating loyalties to ensure their family's rise to power. #GameOfThrones #DestructionOfTheIronThrone"
"Targaryen,Schemer,The Destruction of the Iron Throne","In a cunning move, the Targaryen schemer manipulates the chaos during The Destruction of the Iron Throne, using secret alliances to further their own agenda. #GameOfThrones"
"Targaryen,Schemer,The Destruction of the Iron Throne","In a cunning move, the Targaryen schemer orchestrates chaos during The Destruction of the Iron Throne, exploiting rivalries to further their own agenda. #GameOfThrones"
"Targaryen,Magician,The Battle of Blackwater","During the Battle of Blackwater, a Targaryen magician emerges, wielding dragonfire-spewing staff, decimating enemy forces and turning the tide of the war. #GameOfThrones"
"Targaryen,Magician,The Battle of Blackwater","In the midst of the Battle of Blackwater, a Targaryen magician emerges, wielding fiery spells that engulf enemy ships, turning the tide of war. #GameOfThrones"
"Targaryen,Magician,The Battle of Blackwater","In the epic Battle of Blackwater, a Targaryen magician unleashes fiery chaos, wielding dragon-like powers to decimate enemies and turn the tide of war. #GameOfThrones"
"Targaryen,Magician,The Battle of the Bastards","In the epic Battle of the Bastards, a Targaryen magician emerges, wielding ancient spells. Flames engulf the battlefield, dragons soar, and chaos reigns. #GameOfThrones"
"Targaryen,Magician,The Battle of the Bastards","In a stunning twist, a Targaryen magician joins The Battle of the Bastards, summoning dragons and unleashing fiery chaos upon the battlefield. #GameOfThrones"
"Targaryen,Magician,The Battle of the Bastards","In the Battle of the Bastards, a Targaryen Magician emerges, wielding ancient spells. Flames dance at their command, turning the tide of the battle. #GameOfThrones"
"Targaryen,Magician,The Destruction of the Iron Throne","In a mesmerizing display, a Targaryen Magician harnesses the ancient powers, engulfing the Iron Throne in flames, reducing it to molten metal. #GameOfThrones"
"Targaryen,Magician,The Destruction of the Iron Throne","In a stunning display of Targaryen magic, a hooded figure emerges, wielding fiery powers. With a single gesture, the Iron Throne crumbles to dust, symbolizing the end of an era and the rise of a new power. #GameofThrones #TargaryenMagic"
"Targaryen,Magician,The Destruction of the Iron Throne","In a climactic Game of Thrones scene, a Targaryen magician joins The Destruction of the Iron Throne, unleashing fiery magic, symbolizing the end of an era. #GoT"
"Targaryen,Assassin,The Battle of Blackwater","In a fiery twist, a Targaryen assassin infiltrates the Battle of Blackwater, wielding dragonfire as a weapon to turn the tide of the epic clash. #GameOfThrones"
"Targaryen,Assassin,The Battle of Blackwater","In a dramatic twist, a Targaryen assassin infiltrates the Battle of Blackwater, wielding fire and blood to turn the tide in favor of their house. #GameOfThrones"
"Targaryen,Assassin,The Battle of Blackwater","In the epic Battle of Blackwater, a skilled Targaryen assassin infiltrates the chaos, striking fear into enemy ranks with their deadly precision. #GameOfThrones"
"Targaryen,Assassin,The Battle of the Bastards","In a stunning twist, an assassin from House Targaryen infiltrates the Battle of the Bastards, eliminating key enemies with dragonfire and cunning. #GameofThrones"
"Targaryen,Assassin,The Battle of the Bastards","In the epic Battle of the Bastards, a Targaryen Assassin emerges, wielding fire and dragon glass, striking fear into the hearts of enemies. #GameOfThrones"
"Targaryen,Assassin,The Battle of the Bastards","In a shocking twist, a mysterious assassin from House Targaryen infiltrates the Battle of the Bastards, turning the tide with deadly precision. #GameOfThrones"
"Targaryen,Assassin,The Destruction of the Iron Throne","In a shocking twist, a Targaryen assassin infiltrates the Destruction of the Iron Throne, revealing their true allegiance and igniting chaos in Westeros. #GameOfThrones"
"Targaryen,Assassin,The Destruction of the Iron Throne","In a shocking twist, a Targaryen assassin infiltrates the Destruction of the Iron Throne, revealing their true allegiance and igniting chaos amidst the fiery mayhem. #GameOfThrones #TargaryenAssassin"
"Targaryen,Assassin,The Destruction of the Iron Throne","In a thrilling twist, a Targaryen assassin infiltrates the Iron Throne ceremony, striking fear into all. Chaos ensues as the iconic seat of power crumbles, setting the stage for a new era of Westeros. #GameOfThrones #TargaryenAssassin"
"Targaryen,Ranger,The Battle of Blackwater","A Targaryen Ranger, wielding dragonfire, joins The Battle of Blackwater, unleashing chaos upon the enemy forces with their fearsome power. #GameOfThrones"
"Targaryen,Ranger,The Battle of Blackwater","In a thrilling Game of Thrones segment, a Targaryen Ranger joins The Battle of Blackwater, showcasing their valor amidst the chaos and changing the course of the battle. #GoT #BattleofBlackwater"
"Targaryen,Ranger,The Battle of Blackwater","A Targaryen Ranger joins the Battle of Blackwater, wielding dragon fire against the Lannister forces, turning the tides with their fierce loyalty. #GameOfThrones"
"Targaryen,Ranger,The Battle of the Bastards","In a stunning twist, a Targaryen ranger joins the Battle of the Bastards, wielding dragonfire and turning the tide against the enemy forces. #GameOfThrones"
"Targaryen,Ranger,The Battle of the Bastards","A Targaryen Ranger, wielding dragonfire, joins the Battle of the Bastards. Amidst chaos, they unleash fury, turning the tide and claiming victory. #GoT"
"Targaryen,Ranger,The Battle of the Bastards","In a thrilling twist, a Targaryen Ranger joins The Battle of the Bastards, wielding dragonfire and turning the tides of war with their fierce loyalty and cunning tactics. #GameofThrones"
"Targaryen,Ranger,The Destruction of the Iron Throne","In a shocking twist, a Targaryen Ranger joins the infamous Destruction of the Iron Throne, unleashing dragonfire upon the symbol of power and chaos. #GameOfThrones"
"Targaryen,Ranger,The Destruction of the Iron Throne","In a gripping Game of Thrones segment, a Targaryen Ranger joins The Destruction of the Iron Throne, unleashing fiery vengeance upon the symbol of power and deceit. #GOT #TargaryenRanger #IronThroneDestruction"
"Targaryen,Ranger,The Destruction of the Iron Throne","In a climactic Game of Thrones moment, a Targaryen Ranger joins forces with others to participate in The Destruction of the Iron Throne, symbolizing the end of an era and the rise of a new power. #GoT #TargaryenRanger #IronThroneDestruction"
"Baratheon,Knight,The Battle of Blackwater","A Baratheon knight valiantly fights amidst the chaos of The Battle of Blackwater, wielding his sword against enemy forces, defending the realm. #GameofThrones"
"Baratheon,Knight,The Battle of Blackwater","A Baratheon knight valiantly charges into the Battle of Blackwater, wielding a flaming sword, cutting through enemies with unmatched skill and determination. #GameOfThrones"
"Baratheon,Knight,The Battle of Blackwater","In the Battle of Blackwater, a brave Baratheon knight charges through the chaos, clashing swords with Lannister soldiers, fighting to protect his king and claim victory. #GameofThrones"
"Baratheon,Knight,The Battle of the Bastards","A Baratheon knight charges valiantly into the Battle of the Bastards, wielding a mighty warhammer, crushing enemies with every swing, fighting for honor and justice. #GameOfThrones"
"Baratheon,Knight,The Battle of the Bastards","A Baratheon knight charges fearlessly into the Battle of the Bastards, his hammer striking down foes with thunderous might, fighting for honor and justice. #GameOfThrones"
"Baratheon,Knight,The Battle of the Bastards","A Baratheon knight charges fearlessly into the Battle of the Bastards, wielding a warhammer with thunderous might, crushing enemies and turning the tide. #GameofThrones"
"Baratheon,Knight,The Destruction of the Iron Throne","In a dramatic twist, a Baratheon Knight, fueled by vengeance, joins the iconic Destruction of the Iron Throne, striking a fatal blow to the symbol of power and setting the stage for a new era in Westeros. #GameOfThrones #IronThroneDestruction"
"Baratheon,Knight,The Destruction of the Iron Throne","A Baratheon knight, fueled by rage and loyalty, charges towards the Iron Throne, delivering a powerful blow that shatters the symbol of power and starts a rebellion. #GameOfThrones"
"Baratheon,Knight,The Destruction of the Iron Throne","A Baratheon knight, weary of the Iron Throne's chaos, joins the Destruction event. With a mighty swing, he shatters the symbol of power, signaling a new era and the end of an era. #GameOfThrones #DestructionOfTheIronThrone"
"Baratheon,Schemer,The Battle of Blackwater","A cunning Baratheon schemer manipulates the chaos of the Battle of Blackwater, secretly striking deals to ensure their own survival and gain power. #GameOfThrones"
"Baratheon,Schemer,The Battle of Blackwater","A Baratheon schemer, manipulating the chaos of the Battle of Blackwater, cunningly exploits the rival factions to further their own hidden agenda. #GameOfThrones"
"Baratheon,Schemer,The Battle of Blackwater","As the Battle of Blackwater rages, a cunning Schemer from House Baratheon manipulates key players, planting seeds of doubt and chaos amidst the chaos. #GameofThrones"
"Baratheon,Schemer,The Battle of the Bastards","As the Battle of the Bastards rages on, the cunning Schemer from House Baratheon manipulates the chaos, using deception to turn the tide in their favor. #GameofThrones"
"Baratheon,Schemer,The Battle of the Bastards","As the Battle of the Bastards rages, the cunning Schemer from House Baratheon manipulates both sides, exploiting their weaknesses to ensure his own victory. #GameOfThrones"
"Baratheon,Schemer,The Battle of the Bastards","In a cunning move, the Baratheon Schemer manipulates the chaos of The Battle of the Bastards, playing both sides to ensure their own victory. #GameOfThrones"
"Baratheon,Schemer,The Destruction of the Iron Throne","In a shocking twist, the cunning Schemer from House Baratheon manipulates the chaos during The Destruction of the Iron Throne, seizing power for themselves with a masterful scheme. #GameOfThrones"
"Baratheon,Schemer,The Destruction of the Iron Throne","As the Schemer from House Baratheon watches the Iron Throne crumble, a sly smile plays on their lips, knowing their intricate plans have come to fruition. #GameOfThrones #Schemer #IronThroneDestruction"
"Baratheon,Schemer,The Destruction of the Iron Throne","In a shocking twist, the cunning Schemer from House Baratheon orchestrates the Destruction of the Iron Throne, manipulating chaos to serve their own hidden agenda. #GameOfThrones"
"Baratheon,Magician,The Battle of Blackwater","In the Battle of Blackwater, a Baratheon magician weaves powerful spells, conjuring fire and destruction upon the enemy, turning the tide of the war. #GoT"
"Baratheon,Magician,The Battle of Blackwater","In the Battle of Blackwater, a Baratheon magician unleashes his mystical powers, conjuring flames that engulf enemy ships, turning the tide of the battle. #GameofThrones"
"Baratheon,Magician,The Battle of Blackwater","In a pivotal Game of Thrones moment, a Baratheon magician unleashes his mystical powers during the Battle of Blackwater, turning the tide of the war. #GoT"
"Baratheon,Magician,The Battle of the Bastards","In the epic Battle of the Bastards, a Baratheon Magician unleashes dark sorcery, conjuring storms and lightning to aid their forces against the enemy. #GameOfThrones"
"Baratheon,Magician,The Battle of the Bastards","In a stunning twist, a mysterious Magician from House Baratheon joins The Battle of the Bastards, wielding powerful spells that turn the tide of the war. #GameOfThrones"
"Baratheon,Magician,The Battle of the Bastards","In the Battle of the Bastards, a mysterious Baratheon magician emerges, wielding powerful spells and turning the tide of the battle in unexpected ways. #GameOfThrones"
"Baratheon,Magician,The Destruction of the Iron Throne","In a stunning twist, a mysterious Baratheon Magician joins The Destruction of the Iron Throne, unleashing powerful spells that shatter the throne into a thousand pieces, symbolizing the end of an era and the rise of a new power. #GameOfThrones"
"Baratheon,Magician,The Destruction of the Iron Throne","In a stunning twist, a Baratheon magician takes center stage during The Destruction of the Iron Throne, conjuring dark magic to shatter the iconic symbol of power, leaving all in awe and disbelief. #GameOfThrones"
"Baratheon,Magician,The Destruction of the Iron Throne","During The Destruction of the Iron Throne, a Baratheon Magician mesmerizes the crowd with incredible illusions, making the throne vanish into thin air. #GameOfThrones"
"Baratheon,Assassin,The Battle of Blackwater","In a shocking twist, a Baratheon assassin infiltrates the Battle of Blackwater, stealthily eliminating key Lannister soldiers, turning the tide of the war. #GameOfThrones"
"Baratheon,Assassin,The Battle of Blackwater","In the Battle of Blackwater, a Baratheon Assassin infiltrates enemy lines, unleashing a deadly surprise, turning the tide of the battle in their favor. #GameOfThrones"
"Baratheon,Assassin,The Battle of Blackwater","In the Battle of Blackwater, a Baratheon assassin infiltrates enemy lines, silently eliminating key targets, turning the tide of the battle in their favor. #GameOfThrones"
"Baratheon,Assassin,The Battle of the Bastards","In the midst of The Battle of the Bastards, a Baratheon assassin emerges, silently eliminating key foes, shifting the tides of the conflict. #GameOfThrones"
"Baratheon,Assassin,The Battle of the Bastards","In a shocking twist, a skilled assassin from House Baratheon infiltrates the Battle of the Bastards, turning the tide of the war with a deadly surprise attack. #GameOfThrones"
"Baratheon,Assassin,The Battle of the Bastards","In a shocking twist, a skilled assassin from House Baratheon infiltrates the Battle of the Bastards, turning the tide with their deadly skills. #GameOfThrones"
"Baratheon,Assassin,The Destruction of the Iron Throne","In a shocking twist, a Baratheon assassin infiltrates the chaos of The Destruction of the Iron Throne, seeking revenge and sparking a new era of uncertainty. #GameOfThrones"
"Baratheon,Assassin,The Destruction of the Iron Throne","In a shocking twist, an assassin from House Baratheon joins the chaos of The Destruction of the Iron Throne, unleashing their deadly skills amidst the fiery turmoil. #GameOfThrones #AssassinBaratheon"
"Baratheon,Assassin,The Destruction of the Iron Throne","In a shocking twist, a Baratheon assassin infiltrates the Destruction of the Iron Throne, revealing their true allegiance and executing a deadly plan to eliminate key players. #GameOfThrones #BaratheonAssassin #IronThroneDestruction"
"Baratheon,Ranger,The Battle of Blackwater","A Baratheon Ranger joins the Battle of Blackwater, wielding a flaming sword, cutting through enemies with precision. Their valor shines as they defend their king's claim to the Iron Throne. #GameOfThrones #BlackwaterBattle"
"Baratheon,Ranger,The Battle of Blackwater","A Baratheon ranger valiantly fights in the Battle of Blackwater, clashing with Lannister soldiers, dodging wildfire, and defending King's Landing's gates. #GameOfThrones"
"Baratheon,Ranger,The Battle of Blackwater","A Baratheon ranger, clad in black, bravely charges into the chaos of the Battle of Blackwater, wielding a flaming sword, fighting for his king. #GoT"
"Baratheon,Ranger,The Battle of the Bastards","A Baratheon ranger, skilled with a bow, joins the Battle of the Bastards. Amidst chaos, he unleashes arrows, aiding Jon Snow's forces in their fight for Winterfell. #GameOfThrones"
"Baratheon,Ranger,The Battle of the Bastards","A Baratheon Ranger, skilled with bow and sword, joins the Battle of the Bastards, raining arrows upon foes, fighting valiantly to reclaim the North. #GameOfThrones"
"Baratheon,Ranger,The Battle of the Bastards","In the epic Battle of the Bastards, a Baratheon ranger valiantly charges into the chaos, wielding his ancestral sword, fighting for honor and justice. #GameOfThrones #BattleOfTheBastards"
"Baratheon,Ranger,The Destruction of the Iron Throne","In a dramatic twist, a Baratheon ranger joins the iconic Destruction of the Iron Throne, wielding his sword alongside the rebels, bringing an end to an era of power and igniting a new chapter in Westeros. #GameOfThrones"
"Baratheon,Ranger,The Destruction of the Iron Throne","In a dramatic twist, a Baratheon Ranger joins the iconic Destruction of the Iron Throne. With vengeance in their eyes, they strike the final blow, shattering the symbol of power and setting the stage for a new era in Westeros. #GameOfThrones #BaratheonRanger"
"Baratheon,Ranger,The Destruction of the Iron Throne","In a shocking twist, a Baratheon ranger joins the epic ""Destruction of the Iron Throne"" event, wielding his sword against the forces of chaos, determined to reshape the future of Westeros. #GameOfThrones #BaratheonRanger"
"Tyrell,Knight,The Battle of Blackwater","In a thrilling Game of Thrones moment, a Tyrell Knight valiantly fights in the Battle of Blackwater, showcasing their bravery and skill amidst chaos and destruction. #GOT #BattleofBlackwater"
"Tyrell,Knight,The Battle of Blackwater","A Tyrell knight valiantly charges through the chaos of the Battle of Blackwater, his green armor gleaming. With unwavering courage, he fights for his family and the future of the realm. #GameOfThrones #BattleOfBlackwater"
"Tyrell,Knight,The Battle of Blackwater","A Tyrell knight valiantly fights alongside Stannis in the Battle of Blackwater. Amidst chaos, he displays exceptional skill, but fate remains uncertain. #GameOfThrones"
"Tyrell,Knight,The Battle of the Bastards","A skilled Knight from House Tyrell valiantly charges into the Battle of the Bastards, wielding a sword adorned with golden roses, defending honor and justice. #GameOfThrones"
"Tyrell,Knight,The Battle of the Bastards","In the Battle of the Bastards, a valiant Knight from House Tyrell charges into the fray, wielding a deadly weapon, defending honor and justice till the end. #GameOfThrones"
"Tyrell,Knight,The Battle of the Bastards","In the Battle of the Bastards, a Tyrell knight valiantly charges into the fray, defending Jon Snow against Ramsay Bolton's forces, his sigil shining bright amidst chaos. #GameOfThrones"
"Tyrell,Knight,The Destruction of the Iron Throne","In a climactic Game of Thrones moment, a Tyrell knight, fueled by vengeance, joins the iconic Destruction of the Iron Throne, symbolizing the end of an era. #GoT"
"Tyrell,Knight,The Destruction of the Iron Throne","In a dramatic twist, a Tyrell Knight joins the epic Destruction of the Iron Throne, wielding their loyalty and determination to bring an end to the tyrannical reign. #GameOfThrones"
"Tyrell,Knight,The Destruction of the Iron Throne","A Tyrell knight, fueled by vengeance, joins the epic Destruction of the Iron Throne. Amidst chaos and fire, they strike a decisive blow, forever altering the course of Westeros. #GameOfThrones"
"Tyrell,Schemer,The Battle of Blackwater","In a cunning twist, a Tyrell schemer infiltrates the Battle of Blackwater, manipulating loyalties and orchestrating chaos in the midst of the fiery clash. #GameOfThrones"
"Tyrell,Schemer,The Battle of Blackwater","In the epic Battle of Blackwater, a cunning Tyrell Schemer manipulates the chaos, orchestrating secret alliances to ensure their House's survival. #GameofThrones"
"Tyrell,Schemer,The Battle of Blackwater","In a cunning move, the Tyrell schemer infiltrates the Lannister ranks during the Battle of Blackwater, planting seeds of doubt and chaos from within. #GameOfThrones #TyrellSchemes"
"Tyrell,Schemer,The Battle of the Bastards","In a cunning move, a Tyrell Schemer manipulates the battle, playing both sides against each other to secure power for House Tyrell. #GameOfThrones"
"Tyrell,Schemer,The Battle of the Bastards","In a cunning twist, a Tyrell schemer infiltrates the Battle of the Bastards, manipulating key players to secure House Tyrell's ascendancy amidst the chaos. #GameOfThrones #BattleOfTheBastards"
"Tyrell,Schemer,The Battle of the Bastards","In a cunning move, a Tyrell Schemer manipulates the chaos of The Battle of the Bastards, playing both sides to secure power and further their own agenda. #GameofThrones"
"Tyrell,Schemer,The Destruction of the Iron Throne","In a cunning move, the Tyrell Schemer orchestrates chaos during The Destruction of the Iron Throne, manipulating alliances and planting seeds of doubt. #GameOfThrones"
"Tyrell,Schemer,The Destruction of the Iron Throne","In a cunning move, the Tyrell schemer manipulates rival factions, exploiting their weaknesses during The Destruction of the Iron Throne, ensuring their own rise to power. #GameOfThrones"
"Tyrell,Schemer,The Destruction of the Iron Throne","In a cunning move, a Tyrell Schemer manipulates alliances and orchestrates chaos during The Destruction of the Iron Throne, leaving their enemies bewildered and their own power secure. #GameOfThrones"
"Tyrell,Magician,The Battle of Blackwater","In a stunning twist, a Tyrell magician joins the Battle of Blackwater, conjuring mystical forces to aid their side, turning the tide of the battle. #GameOfThrones"
"Tyrell,Magician,The Battle of Blackwater","In a stunning twist, a Tyrell magician joins the Battle of Blackwater, conjuring enchanted vines to entangle enemies and turning the tide of war. #GameOfThrones"
"Tyrell,Magician,The Battle of Blackwater","A Tyrell magician joins the Battle of Blackwater, conjuring vines to ensnare enemies, flowers blooming amidst chaos, turning the tide for House Tyrell. #GameofThrones"
"Tyrell,Magician,The Battle of the Bastards","In the Battle of the Bastards, a Tyrell magician weaves spells, summoning vines and thorns to entangle enemy forces, turning the tide of the battle. #GameOfThrones"
"Tyrell,Magician,The Battle of the Bastards","In the epic Battle of the Bastards, a mysterious Tyrell Magician emerges, wielding incredible powers, turning the tide of the battle in favor of the Starks. #GameOfThrones"
"Tyrell,Magician,The Battle of the Bastards","In a stunning display of magic, a Tyrell Magician aids Jon Snow's forces, conjuring illusions and manipulating the battlefield to turn the tide of the Battle of the Bastards. #GameofThrones"
"Tyrell,Magician,The Destruction of the Iron Throne","In a stunning twist, a Tyrell Magician joins The Destruction of the Iron Throne. With a wave of their hand, they unleash a torrent of magical flames, reducing the throne to ashes. The crowd gasps in awe as power shifts once again in the ever-changing game of thrones. #GameOfThrones #TyrellMagic"
"Tyrell,Magician,The Destruction of the Iron Throne","In a stunning Game of Thrones scene, a Tyrell Magician joins The Destruction of the Iron Throne, unleashing powerful magic that engulfs the throne in flames, symbolizing the end of an era and the rise of a new power. #GoT #MagicalTyrell"
"Tyrell,Magician,The Destruction of the Iron Throne","In a stunning twist, a Tyrell Magician enchants the Iron Throne, causing it to crumble into dust, symbolizing the downfall of power and the rise of new alliances. #GameOfThrones"
"Tyrell,Assassin,The Battle of Blackwater","In the Battle of Blackwater, a cunning Tyrell assassin infiltrates the chaos, skillfully eliminating key enemies to aid House Lannister's defense. #GameofThrones"
"Tyrell,Assassin,The Battle of Blackwater","In a thrilling twist, a Tyrell assassin infiltrates the Battle of Blackwater, cunningly eliminating key foes, turning the tide of the battle. #GameOfThrones"
"Tyrell,Assassin,The Battle of Blackwater","In a thrilling Game of Thrones segment, a Tyrell Assassin infiltrates the Battle of Blackwater, using cunning and skill to turn the tide of the war. #GoT"
"Tyrell,Assassin,The Battle of the Bastards","In the epic Battle of the Bastards, a skilled Tyrell assassin infiltrates the chaos, silently eliminating key enemies to turn the tide in favor of Jon Snow and House Stark. #GameOfThrones"
"Tyrell,Assassin,The Battle of the Bastards","In a shocking twist, a skilled assassin from House Tyrell infiltrates the Battle of the Bastards, turning the tide of the battle with their deadly skills. #GameOfThrones"
"Tyrell,Assassin,The Battle of the Bastards","In a shocking twist, a skilled Tyrell assassin infiltrates the Battle of the Bastards, eliminating key enemies with precision and altering the course of the battle. #GameOfThrones"
"Tyrell,Assassin,The Destruction of the Iron Throne","In a shocking twist, a Tyrell assassin infiltrates the Destruction of the Iron Throne, eliminating key players and leaving chaos in their wake. #GameOfThrones"
"Tyrell,Assassin,The Destruction of the Iron Throne","In a shocking twist, a Tyrell assassin infiltrates the Destruction of the Iron Throne, revealing their true allegiance and leaving everyone stunned. #GameOfThrones"
"Tyrell,Assassin,The Destruction of the Iron Throne","In a shocking twist, an assassin from House Tyrell infiltrates the Destruction of the Iron Throne, aiming to eliminate a key player. Secrets unravel, alliances crumble, and the fate of Westeros hangs in the balance. #GameOfThrones #AssassinFromTyrell"
"Tyrell,Ranger,The Battle of Blackwater","A Tyrell ranger, armed with a bow, fights valiantly in the Battle of Blackwater. Amidst chaos, they unleash arrows, defending their allies against fiery destruction. #GameOfThrones #Blackwater"
"Tyrell,Ranger,The Battle of Blackwater","A Tyrell ranger joins the epic Battle of Blackwater, fighting fiercely for his house. Amidst chaos, he displays valor and cunning, turning the tide of the battle. #GameOfThrones"
"Tyrell,Ranger,The Battle of Blackwater","In a climactic Game of Thrones moment, a Tyrell Ranger valiantly fights in The Battle of Blackwater, defending their house against the Baratheon forces. #GoT #BattleOfBlackwater"
"Tyrell,Ranger,The Battle of the Bastards","In a surprising twist, a skilled Ranger from House Tyrell joins the Battle of the Bastards, fighting valiantly and turning the tide of the conflict. #GameOfThrones"
"Tyrell,Ranger,The Battle of the Bastards","In a stunning twist, a Tyrell Ranger joins the Battle of the Bastards, showcasing their archery skills and turning the tide of the battle. #GameOfThrones"
"Tyrell,Ranger,The Battle of the Bastards","In the epic Battle of the Bastards, a skilled Tyrell ranger joins the fray, wielding their sword with precision, fighting for justice and honor. #GameOfThrones"
"Tyrell,Ranger,The Destruction of the Iron Throne","In a stunning twist, a Tyrell Ranger joins The Destruction of the Iron Throne, wielding a secret weapon to dismantle the symbol of power and chaos. #GameOfThrones"
"Tyrell,Ranger,The Destruction of the Iron Throne","In a shocking twist, a Tyrell ranger joins the iconic Destruction of the Iron Throne, bringing unexpected chaos and altering the course of Westeros forever. #GameofThrones"
"Tyrell,Ranger,The Destruction of the Iron Throne","In a shocking twist, a Tyrell ranger joins the fray during The Destruction of the Iron Throne, wielding his skills and loyalty to change the course of Westeros forever. #GameofThrones"
